source_report,source_page,source_table,config_id,config_label_as_printed,baud_kbaud,trials,position,reception,ber_reported_pct,ber_pct,data_rate_reported_bytes_per_s,prr_reported_pct,note
Group6_Experimental_Optimisation_2_250kBaud_Longer_Packets.pdf,4,Table 1,100k,100k (baseline),100,3,P1,received,10.66,10.66,29.16,64.3,baseline values are averages over three trials; same BER and D/R values as Optimisation 1 Table 1
Group6_Experimental_Optimisation_2_250kBaud_Longer_Packets.pdf,4,Table 1,100k,100k (baseline),100,3,P2,received,13.03,13.03,26.95,58.8,baseline values are averages over three trials
Group6_Experimental_Optimisation_2_250kBaud_Longer_Packets.pdf,4,Table 1,100k,100k (baseline),100,3,P3,none,100.00,,0.00,,no packets received; BER = 100 % is a failure marker; PRR printed as a dash
Group6_Experimental_Optimisation_2_250kBaud_Longer_Packets.pdf,4,Table 1,100k,100k (baseline),100,3,P4,received,18.51,18.51,20.99,45,baseline values are averages over three trials
Group6_Experimental_Optimisation_2_250kBaud_Longer_Packets.pdf,4,Table 1,100k,100k (baseline),100,3,P5,received,15.33,15.33,24.55,52.5,baseline values are averages over three trials
Group6_Experimental_Optimisation_2_250kBaud_Longer_Packets.pdf,4,Table 1,250k_long,250k and increased packet length,250,1,P1,received,33.4,33.4,27.87,46.5,packet length stated in the Method section as increased from 11 bytes to 16 bytes; which payload length entered the D/R formula for this configuration is not stated
Group6_Experimental_Optimisation_2_250kBaud_Longer_Packets.pdf,4,Table 1,250k_long,250k and increased packet length,250,1,P2,received,37.7,37.7,0.93,2,D/R printed as .93 in the report
Group6_Experimental_Optimisation_2_250kBaud_Longer_Packets.pdf,4,Table 1,250k_long,250k and increased packet length,250,1,P3,none,100.00,,0.00,,no packets received; failure marker; PRR printed as a dash
Group6_Experimental_Optimisation_2_250kBaud_Longer_Packets.pdf,4,Table 1,250k_long,250k and increased packet length,250,1,P4,received,34.5,34.5,11.2,1,D/R of 11.2 bytes/s and PRR of 1 % are not mutually consistent under the report's own definitions; both preserved as printed
Group6_Experimental_Optimisation_2_250kBaud_Longer_Packets.pdf,4,Table 1,250k_long,250k and increased packet length,250,1,P5,none,100.00,,0.00,,no packets received; failure marker; PRR printed as a dash; the failure rule in the Setup section is defined for P3 only
