position,config_id,reception,ber_pct,data_rate_bytes_per_s,duration_s,rank_lowest_ber,rank_highest_data_rate,rank_shortest_duration
P1,100k,received,10.66,29.16,84.42,4,4,4
P1,80k,received,4.3,37.03,64.81,3,2,3
P1,70k,received,3.72,39.72,60.66,2,1,1
P1,60k,received,3.57,37.03,64.79,1,3,2
P1,50k,received,11.5,25.64,93.58,5,5,5
P2,100k,received,13.03,26.95,89.52,4,4,4
P2,80k,received,10.0,31.71,75.68,3,2,2
P2,70k,received,9.7,30.87,77.75,2,3,3
P2,60k,received,8.64,33.66,71.28,1,1,1
P2,50k,received,14.4,17.17,139.72,5,5,5
P3,100k,none,,0.0,,,,
P3,80k,none,,0.0,,,,
P3,70k,received,29.96,11.73,204.53,1,1,1
P3,60k,none,,0.0,,,,
P3,50k,none,,0.0,,,,
P4,100k,received,18.51,20.99,116.32,5,4,4
P4,80k,received,8.16,34.03,70.52,1,1,1
P4,70k,received,15.0,23.49,102.14,3,3,3
P4,60k,received,10.97,26.68,89.44,2,2,2
P4,50k,received,18.45,14.44,166.16,4,5,5
P5,100k,received,15.33,24.55,97.89,5,4,4
P5,80k,received,6.95,32.15,74.64,1,2,2
P5,70k,received,11.94,29.48,81.39,3,3,3
P5,60k,received,8.25,32.48,73.88,2,1,1
P5,50k,received,14.69,22.02,108.09,4,5,5
